time,value
2024-12-28T09:56:32.36554666Z,0
2024-12-28T10:01:34.664790403Z,50.099998474121094
2024-12-28T10:01:48.061895179Z,50.20000076293945
2024-12-28T10:02:00.709452207Z,50.29999923706055
2024-12-28T10:02:04.886329022Z,50.400001525878906
2024-12-28T10:02:40.80865017Z,50.5
2024-12-28T10:02:49.212915709Z,53
2024-12-28T10:02:51.272892129Z,53.400001525878906
2024-12-28T10:02:53.329589904Z,53.20000076293945
2024-12-28T10:02:55.386781448Z,53.099998474121094
2024-12-28T10:02:57.455965823Z,52.900001525878906
2024-12-28T10:02:59.512847874Z,52.599998474121094
2024-12-28T10:03:01.578548325Z,52.400001525878906
2024-12-28T10:03:03.639734055Z,52.29999923706055
2024-12-28T10:03:05.682453277Z,52.099998474121094
2024-12-28T10:03:07.741589891Z,52
2024-12-28T10:03:09.803100088Z,51.900001525878906
2024-12-28T10:03:11.858293452Z,51.79999923706055
2024-12-28T10:03:13.920033238Z,51.70000076293945
2024-12-28T10:03:15.974538159Z,51.599998474121094
2024-12-28T10:03:18.030447681Z,51.5
2024-12-28T10:03:24.330591857Z,51.400001525878906
2024-12-28T10:03:26.387925708Z,51.29999923706055
2024-12-28T10:03:32.69000858Z,51.20000076293945
2024-12-28T10:03:41.101318738Z,51.099998474121094
2024-12-28T10:03:43.15690194Z,51.20000076293945
2024-12-28T10:04:27.552209905Z,51.099998474121094
2024-12-28T10:04:29.609117564Z,51.20000076293945
2024-12-28T10:04:31.667839345Z,51.099998474121094
2024-12-28T10:04:33.728014764Z,51.20000076293945
2024-12-28T10:04:35.786981157Z,51.099998474121094
2024-12-28T10:05:09.584350426Z,51
2024-12-28T10:05:49.723689848Z,51.099998474121094
2024-12-28T10:05:56.017694152Z,51
2024-12-28T10:05:58.089499356Z,51.099998474121094
2024-12-28T10:06:10.71946433Z,51
2024-12-28T10:06:52.976309349Z,51.099998474121094
2024-12-28T10:07:05.610360731Z,51
2024-12-28T10:07:07.668492972Z,51.099998474121094
2024-12-28T10:07:11.7889586Z,51
2024-12-28T10:07:30.629103454Z,51.099998474121094
2024-12-28T10:07:51.72812696Z,51.20000076293945
2024-12-28T10:07:58.019299447Z,51.099998474121094
2024-12-28T10:08:04.317547195Z,51
2024-12-28T10:08:12.722582679Z,51.099998474121094
2024-12-28T10:08:14.782870809Z,51.20000076293945
2024-12-28T10:08:16.843980038Z,51.29999923706055
2024-12-28T10:08:18.895753283Z,51.400001525878906
2024-12-28T10:08:20.954238475Z,51.5
2024-12-28T10:08:25.122807712Z,51.599998474121094
2024-12-28T10:08:37.755316208Z,51.5
2024-12-28T10:08:58.859889737Z,51.599998474121094
2024-12-28T10:09:19.948500337Z,51.70000076293945
2024-12-28T10:09:26.23368246Z,51.599998474121094
2024-12-28T10:09:30.416588991Z,51.70000076293945
2024-12-28T10:09:43.056390506Z,51.79999923706055
2024-12-28T10:10:12.631297726Z,51.70000076293945
2024-12-28T10:10:48.38521235Z,51.79999923706055
2024-12-28T10:10:58.786017978Z,51.70000076293945
2024-12-28T10:11:40.979271135Z,51.79999923706055
2024-12-28T10:11:51.497958543Z,51.70000076293945
2024-12-28T10:12:25.297362915Z,51.79999923706055
2024-12-28T10:12:33.714058962Z,51.900001525878906
2024-12-28T10:13:34.936421746Z,52
2024-12-28T10:14:29.734027487Z,52.099998474121094
2024-12-28T10:14:38.146138983Z,52
2024-12-28T10:14:42.315113292Z,52.099998474121094
2024-12-28T10:15:05.558722562Z,52
2024-12-28T10:15:22.435323997Z,52.099998474121094
2024-12-28T10:16:04.715297282Z,52.20000076293945
2024-12-28T10:16:23.713966763Z,52.29999923706055
2024-12-28T10:16:40.46153403Z,52.20000076293945
2024-12-28T10:17:07.926712554Z,52.29999923706055
2024-12-28T10:17:09.98319665Z,52.20000076293945
2024-12-28T10:17:16.271586544Z,52.29999923706055
2024-12-28T10:17:18.33315914Z,52.20000076293945
2024-12-28T10:17:35.200748962Z,52.29999923706055
2024-12-28T10:17:49.960126471Z,52.20000076293945
2024-12-28T10:18:06.841139162Z,52.29999923706055
2024-12-28T10:18:19.473453947Z,52.20000076293945
2024-12-28T10:18:31.998390139Z,52.29999923706055
2024-12-28T10:18:36.185329427Z,52.20000076293945
2024-12-28T10:18:38.244321245Z,52.29999923706055
2024-12-28T10:18:52.980000512Z,52.400001525878906
2024-12-28T10:19:26.77865303Z,52.29999923706055
2024-12-28T10:19:30.951380894Z,52.400001525878906
2024-12-28T10:19:37.252943972Z,52.5
2024-12-28T10:19:41.424231891Z,52.599998474121094
2024-12-28T10:20:02.536931382Z,52.5
2024-12-28T10:20:06.705669556Z,52.599998474121094
2024-12-28T10:20:32.046246824Z,52.5
2024-12-28T10:20:36.216982479Z,52.400001525878906
2024-12-28T10:20:44.615977295Z,52.29999923706055
2024-12-28T10:20:55.13435674Z,52.400001525878906
2024-12-28T10:21:01.424267211Z,52.5
2024-12-28T10:21:09.840008276Z,52.599998474121094
2024-12-28T10:21:16.126395619Z,52.70000076293945
2024-12-28T10:21:22.413042462Z,52.79999923706055
2024-12-28T10:21:24.470040033Z,52.900001525878906
2024-12-28T10:21:28.640758872Z,53
2024-12-28T10:21:34.938065592Z,52.900001525878906
2024-12-28T10:21:47.524068135Z,52.79999923706055
2024-12-28T10:21:51.710818167Z,52.70000076293945
2024-12-28T10:21:53.76549436Z,52.599998474121094
2024-12-28T10:22:00.060426162Z,52.5
2024-12-28T10:22:08.47365231Z,52.599998474121094
2024-12-28T10:22:16.878346503Z,52.5
2024-12-28T10:22:25.28279321Z,52.599998474121094
2024-12-28T10:22:31.574540685Z,52.70000076293945
2024-12-28T10:22:33.644199183Z,52.79999923706055
2024-12-28T10:22:37.81888768Z,52.900001525878906
2024-12-28T10:22:39.879514267Z,53
2024-12-28T10:22:46.163781045Z,53.099998474121094
2024-12-28T10:22:50.342836287Z,53.20000076293945
2024-12-28T10:22:54.512226065Z,53.29999923706055
2024-12-28T10:23:07.156940388Z,53.20000076293945
2024-12-28T10:23:09.220904202Z,53.099998474121094
2024-12-28T10:23:17.629668401Z,53.20000076293945
2024-12-28T10:23:21.799492906Z,53.099998474121094
2024-12-28T10:23:23.856072393Z,53.20000076293945
2024-12-28T10:23:32.258757738Z,53.099998474121094
2024-12-28T10:23:38.557864362Z,53
2024-12-28T10:23:49.08988715Z,52.900001525878906
2024-12-28T10:23:51.147600934Z,53.099998474121094
2024-12-28T10:23:53.248972387Z,53.20000076293945
2024-12-28T10:23:55.274459971Z,53.29999923706055
2024-12-28T10:24:16.387046879Z,53.400001525878906
2024-12-28T10:24:18.444436655Z,53.5
2024-12-28T10:24:20.504196421Z,53.70000076293945
2024-12-28T10:24:22.564918258Z,54
2024-12-28T10:24:24.625913607Z,54.099998474121094
2024-12-28T10:24:26.687143641Z,54.400001525878906
2024-12-28T10:24:28.747063915Z,54.599998474121094
2024-12-28T10:24:30.800961108Z,54.70000076293945
2024-12-28T10:24:58.265927889Z,54.79999923706055
2024-12-28T10:25:02.440742575Z,54.900001525878906
2024-12-28T10:25:08.739918129Z,55
2024-12-28T10:25:15.03320613Z,54.900001525878906
2024-12-28T10:25:21.331750706Z,54.79999923706055
2024-12-28T10:25:27.61486693Z,54.70000076293945
2024-12-28T10:25:29.676731612Z,54.599998474121094
2024-12-28T10:25:31.734909126Z,54.5
2024-12-28T10:25:40.155216984Z,54.599998474121094
2024-12-28T10:25:44.377550883Z,54.70000076293945
2024-12-28T10:25:46.481657421Z,54.900001525878906
2024-12-28T10:25:48.543835583Z,55
2024-12-28T10:26:07.532054419Z,55.099998474121094
2024-12-28T10:26:11.709752303Z,55.20000076293945
2024-12-28T10:26:20.055885715Z,55.29999923706055
2024-12-28T10:27:02.329484652Z,55.20000076293945
2024-12-28T10:27:04.396975908Z,55.099998474121094
2024-12-28T10:27:06.452797683Z,55
2024-12-28T10:27:08.507842599Z,54.900001525878906
2024-12-28T10:27:12.689616779Z,54.79999923706055
2024-12-28T10:27:16.852232596Z,54.70000076293945
2024-12-28T10:27:25.259717806Z,54.79999923706055
2024-12-28T10:27:29.43159122Z,54.900001525878906
2024-12-28T10:27:35.734549819Z,55
2024-12-28T10:27:48.364939299Z,55.099998474121094
2024-12-28T10:27:52.545739604Z,55.20000076293945
2024-12-28T10:28:17.771508081Z,55.29999923706055
2024-12-28T10:28:26.064465484Z,55.400001525878906
2024-12-28T10:28:28.118356192Z,55.29999923706055
2024-12-28T10:28:40.559522788Z,55.400001525878906
2024-12-28T10:28:44.714685566Z,55.5
2024-12-28T10:28:53.016840242Z,55.599998474121094
2024-12-28T10:28:59.309824503Z,55.70000076293945
2024-12-28T10:29:07.670769912Z,55.79999923706055
2024-12-28T10:29:16.025919716Z,55.900001525878906
2024-12-28T10:29:22.205313247Z,56
2024-12-28T10:29:28.490048367Z,56.099998474121094
2024-12-28T10:29:32.610718846Z,56.20000076293945
2024-12-28T10:29:45.185274424Z,56.29999923706055
2024-12-28T10:29:51.474621941Z,56.400001525878906
2024-12-28T10:29:53.529257303Z,56.5
2024-12-28T10:29:59.825222686Z,56.599998474121094
2024-12-28T10:30:01.879360218Z,56.70000076293945
2024-12-28T10:30:06.062116028Z,56.79999923706055
2024-12-28T10:30:08.126469299Z,56.900001525878906
2024-12-28T10:30:12.303960388Z,57
2024-12-28T10:30:18.596550754Z,57.20000076293945
2024-12-28T10:31:09.341117878Z,57.29999923706055
2024-12-28T10:31:15.622667244Z,57.400001525878906
2024-12-28T10:31:19.802216575Z,57.5
2024-12-28T10:31:38.750168233Z,57.400001525878906
2024-12-28T10:31:55.609709208Z,57.29999923706055
2024-12-28T10:32:06.143978269Z,57.20000076293945
2024-12-28T10:32:20.882302958Z,57.29999923706055
2024-12-28T10:32:37.713290283Z,57.20000076293945
2024-12-28T10:32:54.575295927Z,57
2024-12-28T10:32:56.630386821Z,56.900001525878906
2024-12-28T10:32:58.685450405Z,56.79999923706055
2024-12-28T10:33:00.744129668Z,56.70000076293945
2024-12-28T10:33:17.640387173Z,56.79999923706055
2024-12-28T10:33:23.927661118Z,56.900001525878906
2024-12-28T10:33:25.985530221Z,57
2024-12-28T10:33:32.158482378Z,57.20000076293945
2024-12-28T10:33:40.572591718Z,57.29999923706055
2024-12-28T10:33:48.97545786Z,57.400001525878906
2024-12-28T10:33:59.4859576Z,57.5
2024-12-28T10:34:05.72303985Z,57.400001525878906
2024-12-28T10:34:11.96440212Z,57.5
2024-12-28T10:34:35.066021766Z,57.599998474121094
2024-12-28T10:34:49.71444163Z,57.70000076293945
2024-12-28T10:35:06.532074772Z,57.79999923706055
2024-12-28T10:35:12.833562149Z,57.900001525878906
2024-12-28T10:35:17.00464022Z,58
2024-12-28T10:35:31.749755063Z,58.099998474121094
2024-12-28T10:35:38.058977695Z,58.20000076293945
2024-12-28T10:36:07.630395547Z,58.099998474121094
2024-12-28T10:36:13.913159094Z,58
2024-12-28T10:37:34.132432925Z,58.099998474121094
2024-12-28T10:37:44.659315255Z,58.20000076293945
2024-12-28T10:38:03.652417891Z,58.29999923706055
2024-12-28T10:38:07.844527533Z,58.400001525878906
2024-12-28T10:38:12.011216289Z,58.29999923706055
2024-12-28T10:38:28.829785257Z,58.400001525878906
2024-12-28T10:38:37.232285454Z,58.599998474121094
2024-12-28T10:38:47.765556828Z,58.70000076293945
2024-12-28T10:38:54.0454438Z,58.79999923706055
2024-12-28T10:39:02.453841834Z,58.70000076293945
2024-12-28T10:39:08.635491255Z,58.599998474121094
2024-12-28T10:39:25.499134892Z,58.400001525878906
2024-12-28T10:39:36.019770645Z,58.599998474121094
2024-12-28T10:40:16.05521953Z,58.400001525878906
2024-12-28T10:40:37.160963851Z,58.29999923706055
2024-12-28T10:42:05.98844682Z,58.5
2024-12-28T10:42:08.04349131Z,58.29999923706055
2024-12-28T10:42:22.807183176Z,58.5
2024-12-28T10:43:02.959868643Z,58.29999923706055
2024-12-28T10:43:11.370478525Z,58.5
2024-12-28T10:45:39.129556985Z,58.599998474121094
2024-12-28T10:46:21.395332072Z,58.70000076293945
2024-12-28T10:46:23.450185521Z,58.599998474121094
2024-12-28T10:46:27.621118041Z,58.70000076293945
2024-12-28T10:46:33.901564221Z,58.599998474121094
2024-12-28T10:46:35.961844573Z,58.70000076293945
2024-12-28T10:47:09.77280792Z,58.599998474121094
2024-12-28T10:47:11.839319352Z,58.70000076293945
2024-12-28T10:47:49.863006656Z,58.599998474121094
2024-12-28T10:47:51.920545961Z,58.70000076293945
2024-12-28T10:48:32.079842703Z,58.599998474121094
2024-12-28T10:48:48.964928356Z,58.5
2024-12-28T10:49:35.459450388Z,58.29999923706055
2024-12-28T10:49:50.170137181Z,58.5
2024-12-28T10:49:52.229308267Z,58.29999923706055
2024-12-28T10:49:54.287829722Z,58.5
2024-12-28T10:49:56.362620261Z,58.29999923706055
2024-12-28T10:50:00.525413041Z,58.5
2024-12-28T10:50:11.046477617Z,58.29999923706055
2024-12-28T10:50:40.609911927Z,58.5
2024-12-28T10:52:11.54420722Z,58.29999923706055
2024-12-28T10:52:36.882611172Z,58.5
2024-12-28T10:52:57.991388624Z,58.29999923706055
2024-12-28T10:53:00.050695085Z,58.5
2024-12-28T10:53:02.108787118Z,58.29999923706055
2024-12-28T10:53:59.200912736Z,58.20000076293945
2024-12-28T10:56:29.045540945Z,58.099998474121094
2024-12-28T10:56:50.152681653Z,58.20000076293945
2024-12-28T10:56:54.330093619Z,58.099998474121094
2024-12-28T10:57:09.08129135Z,58
2024-12-28T10:57:32.307457572Z,58.099998474121094
2024-12-28T10:57:36.483820906Z,58
2024-12-28T10:57:38.543034401Z,58.099998474121094
2024-12-28T10:57:55.433915577Z,58
2024-12-28T10:58:58.744473133Z,58.099998474121094
2024-12-28T10:59:09.264950079Z,58.20000076293945
2024-12-28T10:59:13.441122251Z,58.29999923706055
2024-12-28T10:59:32.43511311Z,58.400001525878906
2024-12-28T10:59:45.09072274Z,58.599998474121094
2024-12-28T11:01:22.116492646Z,58.70000076293945
2024-12-28T11:01:28.412787241Z,58.79999923706055
2024-12-28T11:01:49.45755089Z,58.900001525878906
2024-12-28T11:02:12.691355746Z,59
2024-12-28T11:02:29.563027284Z,58.900001525878906
2024-12-28T11:02:37.966968176Z,58.79999923706055
2024-12-28T11:02:54.735086533Z,58.70000076293945
2024-12-28T11:03:07.372025566Z,58.599998474121094
2024-12-28T11:04:31.929728842Z,58.400001525878906
2024-12-28T11:04:36.105035513Z,58.599998474121094
2024-12-28T11:04:38.168772797Z,58.400001525878906
2024-12-28T11:05:16.202243448Z,58.29999923706055
2024-12-28T11:05:37.316347395Z,58.400001525878906
2024-12-28T11:06:02.543605046Z,58.5
2024-12-28T11:06:17.297348936Z,58.70000076293945
2024-12-28T11:06:19.352393365Z,58.5
2024-12-28T11:06:23.526468821Z,58.70000076293945
2024-12-28T11:06:25.587011268Z,58.5
2024-12-28T11:07:01.511536752Z,58.400001525878906
2024-12-28T11:08:36.59210913Z,58.29999923706055
2024-12-28T11:08:42.882338847Z,58.20000076293945
2024-12-28T11:08:57.640700792Z,58.099998474121094
2024-12-28T11:09:08.152594823Z,58
2024-12-28T11:09:16.563380693Z,57.900001525878906
2024-12-28T11:09:37.677928348Z,57.79999923706055
2024-12-28T11:09:58.803213326Z,57.70000076293945
2024-12-28T11:10:02.979626209Z,57.79999923706055
2024-12-28T11:10:28.322064118Z,57.70000076293945
2024-12-28T11:10:47.309354462Z,57.599998474121094
2024-12-28T11:10:59.960689101Z,57.5
2024-12-28T11:11:12.601679677Z,57.400001525878906
2024-12-28T11:11:54.876868683Z,57.5
2024-12-28T11:11:56.933028402Z,57.599998474121094
2024-12-28T11:12:01.106310856Z,57.70000076293945
2024-12-28T11:12:05.277047069Z,57.79999923706055
2024-12-28T11:12:07.337715623Z,57.900001525878906
2024-12-28T11:12:13.619937869Z,58
2024-12-28T11:12:17.798055427Z,58.099998474121094
2024-12-28T11:12:21.980168852Z,58.20000076293945
2024-12-28T11:12:26.150434022Z,58.29999923706055
2024-12-28T11:12:30.32618554Z,58.400001525878906
2024-12-28T11:12:57.784586996Z,58.5
2024-12-28T11:13:08.304420079Z,58.70000076293945
2024-12-28T11:13:10.363337011Z,58.5
2024-12-28T11:13:12.414429616Z,58.70000076293945
2024-12-28T11:13:27.045585942Z,58.5
2024-12-28T11:13:35.456171945Z,58.400001525878906
2024-12-28T11:13:56.563792879Z,58.29999923706055
2024-12-28T11:13:58.619863233Z,58.400001525878906
2024-12-28T11:14:23.964322855Z,58.5
2024-12-28T11:14:32.364428779Z,58.70000076293945
2024-12-28T11:15:58.973215637Z,58.79999923706055
2024-12-28T11:16:24.20026337Z,58.70000076293945
2024-12-28T11:16:26.258038964Z,58.79999923706055
2024-12-28T11:16:28.316860375Z,58.70000076293945
2024-12-28T11:16:30.378143999Z,58.900001525878906
2024-12-28T11:16:32.436611228Z,58.79999923706055
2024-12-28T11:16:36.612754673Z,58.900001525878906
2024-12-28T11:16:38.673241116Z,59
2024-12-28T11:16:42.852102717Z,59.099998474121094
2024-12-28T11:16:44.91442526Z,59.20000076293945
2024-12-28T11:16:53.333494153Z,59.29999923706055
2024-12-28T11:17:08.088066568Z,59.400001525878906
2024-12-28T11:17:18.60855825Z,59.5
2024-12-28T11:17:29.139054557Z,59.599998474121094
2024-12-28T11:17:52.369621891Z,59.70000076293945
2024-12-28T11:18:00.779903034Z,59.599998474121094
2024-12-28T11:18:02.832170526Z,59.70000076293945
2024-12-28T11:18:09.123354729Z,59.599998474121094
2024-12-28T11:18:40.821298016Z,59.70000076293945
2024-12-28T11:18:51.3603842Z,59.79999923706055
2024-12-28T11:18:57.646079648Z,59.900001525878906
2024-12-28T11:19:18.746862641Z,60
2024-12-28T11:19:22.930628802Z,60.099998474121094
2024-12-28T11:19:35.573450266Z,60.20000076293945
2024-12-28T11:19:43.981089542Z,60.29999923706055
2024-12-28T11:19:50.27319711Z,60.400001525878906
2024-12-28T11:20:02.932342381Z,60.5
2024-12-28T11:20:13.457887212Z,60.599998474121094
2024-12-28T11:21:02.068696733Z,60.5
2024-12-28T11:21:04.123186613Z,60.599998474121094
2024-12-28T11:21:12.530300715Z,60.70000076293945
2024-12-28T11:21:25.177854074Z,60.79999923706055
2024-12-28T11:21:31.469012008Z,60.70000076293945
2024-12-28T11:21:35.645321336Z,60.79999923706055
2024-12-28T11:21:37.69827105Z,60.70000076293945
2024-12-28T11:21:39.756176957Z,60.79999923706055
2024-12-28T11:22:57.898785024Z,60.900001525878906
2024-12-28T11:23:12.647871672Z,61
2024-12-28T11:23:21.05003396Z,61.099998474121094
2024-12-28T11:23:31.58375789Z,61.20000076293945
2024-12-28T11:23:50.562074919Z,61.29999923706055
2024-12-28T11:24:22.245364415Z,61.400001525878906
2024-12-28T11:24:45.47208511Z,61.5
2024-12-28T11:24:49.649375028Z,61.599998474121094
2024-12-28T11:25:04.294883319Z,61.70000076293945
2024-12-28T11:25:10.594122242Z,61.79999923706055
2024-12-28T11:25:12.652247144Z,61.900001525878906
2024-12-28T11:25:21.0591615Z,62
2024-12-28T11:25:35.825622296Z,62.099998474121094
2024-12-28T11:25:56.942056601Z,62.20000076293945
2024-12-28T11:27:12.961796128Z,62.29999923706055
2024-12-28T11:27:25.609822543Z,62.400001525878906
2024-12-28T11:27:42.482791795Z,62.5
2024-12-28T11:27:48.773839737Z,62.599998474121094
2024-12-28T11:28:18.354353054Z,62.70000076293945
2024-12-28T11:28:47.93631815Z,62.79999923706055
2024-12-28T11:28:56.354043424Z,62.70000076293945
2024-12-28T11:29:04.762143015Z,62.599998474121094
2024-12-28T11:29:17.400090945Z,62.70000076293945
2024-12-28T11:29:27.934656845Z,62.79999923706055
2024-12-28T11:29:36.336779638Z,62.900001525878906
2024-12-28T11:29:44.745605001Z,63
2024-12-28T11:29:51.035885124Z,63.099998474121094
2024-12-28T11:29:53.102328409Z,63.20000076293945
2024-12-28T11:30:16.275423591Z,63.29999923706055
2024-12-28T11:30:35.041446341Z,63.20000076293945
2024-12-28T11:30:41.283891003Z,63.29999923706055
2024-12-28T11:31:31.97741992Z,63.400001525878906
2024-12-28T11:31:38.25667397Z,63.5
2024-12-28T11:31:50.89460557Z,63.599998474121094
2024-12-28T11:32:09.891048695Z,63.5
2024-12-28T11:32:16.177632011Z,63.599998474121094
2024-12-28T11:32:26.724903476Z,63.70000076293945
2024-12-28T11:32:39.370845226Z,63.900001525878906
2024-12-28T11:32:54.130703313Z,64
2024-12-28T11:32:58.311432284Z,63.900001525878906
2024-12-28T11:33:51.170528051Z,63.70000076293945
2024-12-28T11:34:14.416706406Z,63.900001525878906
2024-12-28T11:35:17.848110076Z,64
2024-12-28T11:35:34.499065434Z,63.900001525878906
2024-12-28T11:35:53.470514084Z,63.70000076293945
2024-12-28T11:36:44.229455147Z,63.599998474121094
2024-12-28T11:36:46.288156272Z,63.70000076293945
2024-12-28T11:36:48.34581709Z,63.599998474121094
2024-12-28T11:36:54.632678095Z,63.70000076293945
2024-12-28T11:37:30.451921463Z,63.900001525878906
2024-12-28T11:37:38.856267387Z,63.70000076293945
2024-12-28T11:37:55.733867466Z,63.599998474121094
2024-12-28T11:38:06.260281646Z,63.5
2024-12-28T11:38:18.890697969Z,63.400001525878906
2024-12-28T11:38:25.180499783Z,63.29999923706055
2024-12-28T11:38:33.602982187Z,63.20000076293945
2024-12-28T11:38:42.012191058Z,63.099998474121094
2024-12-28T11:38:44.074281905Z,63
2024-12-28T11:38:54.536381008Z,62.900001525878906
2024-12-28T11:39:07.193660493Z,62.79999923706055
2024-12-28T11:39:15.597448858Z,62.70000076293945
2024-12-28T11:39:26.113648538Z,62.599998474121094
2024-12-28T11:39:30.296731056Z,62.5
2024-12-28T11:39:38.708748844Z,62.400001525878906
2024-12-28T11:39:40.755231222Z,62.29999923706055
2024-12-28T11:39:47.049904997Z,62.20000076293945
2024-12-28T11:39:53.336108914Z,62.099998474121094
2024-12-28T11:40:05.98105106Z,62
2024-12-28T11:40:14.37773732Z,61.900001525878906
2024-12-28T11:40:29.139540849Z,61.79999923706055
2024-12-28T11:40:41.777366494Z,61.70000076293945
2024-12-28T11:40:54.408809925Z,61.599998474121094
2024-12-28T11:41:07.062773827Z,61.5
2024-12-28T11:41:55.684283962Z,61.400001525878906
2024-12-28T11:41:59.869536612Z,61.29999923706055
2024-12-28T11:42:16.747194187Z,61.20000076293945
2024-12-28T11:42:33.620551094Z,61.099998474121094
2024-12-28T11:42:58.947695244Z,61
2024-12-28T11:43:03.144326834Z,61.099998474121094
2024-12-28T11:43:09.416911038Z,61
2024-12-28T11:43:17.822133968Z,60.900001525878906
2024-12-28T11:43:28.339090641Z,60.79999923706055
2024-12-28T11:43:30.407669499Z,60.900001525878906
2024-12-28T11:43:32.467646901Z,60.79999923706055
2024-12-28T11:43:59.911235477Z,60.70000076293945
2024-12-28T11:44:10.452918648Z,60.599998474121094
2024-12-28T11:44:40.030161367Z,60.5
2024-12-28T11:45:37.135817472Z,60.400001525878906
2024-12-28T11:46:04.587006238Z,60.29999923706055
2024-12-28T11:46:23.576540768Z,60.20000076293945
2024-12-28T11:46:55.264261477Z,60.099998474121094
2024-12-28T11:47:41.759246488Z,60
2024-12-28T11:48:07.104664076Z,59.900001525878906
2024-12-28T11:50:18.219221461Z,59.79999923706055
2024-12-28T11:50:35.100365803Z,59.70000076293945
2024-12-28T11:51:17.355798414Z,59.79999923706055
2024-12-28T11:51:42.583390268Z,59.900001525878906
2024-12-28T11:52:07.796786353Z,60
2024-12-28T11:58:13.805563183Z,60.099998474121094
2024-12-28T11:58:49.6755042Z,60.20000076293945
2024-12-28T11:58:58.088361149Z,60.099998474121094
2024-12-28T11:59:52.926901108Z,60
2024-12-28T12:00:43.674771797Z,60.099998474121094
2024-12-28T12:01:04.774861702Z,60
2024-12-28T12:01:13.188907544Z,60.099998474121094
2024-12-28T12:01:15.243544264Z,60
2024-12-28T12:01:23.645950172Z,60.099998474121094
2024-12-28T12:03:19.982819295Z,60
2024-12-28T12:03:43.203146176Z,60.099998474121094
2024-12-28T12:04:04.313651684Z,60
2024-12-28T12:04:29.649333072Z,60.099998474121094
2024-12-28T12:04:35.93407679Z,60
2024-12-28T12:04:38.013873413Z,60.099998474121094
2024-12-28T12:06:49.071365808Z,60.20000076293945
2024-12-28T12:06:51.134290643Z,60.099998474121094
2024-12-28T12:13:29.01555242Z,60
2024-12-28T12:13:43.780008073Z,60.099998474121094
2024-12-28T12:13:47.898921096Z,60
2024-12-28T12:14:04.771679579Z,60.099998474121094
2024-12-28T12:14:06.831764127Z,59.900001525878906
2024-12-28T12:14:11.016407862Z,60
2024-12-28T12:14:15.186530335Z,59.900001525878906
2024-12-28T12:14:19.360186049Z,60
2024-12-28T12:14:21.417892642Z,59.900001525878906
2024-12-28T12:14:38.296901256Z,60
2024-12-28T12:14:44.60527541Z,59.900001525878906
2024-12-28T12:14:46.665093407Z,60
2024-12-28T12:15:56.205630457Z,59.900001525878906
2024-12-28T12:15:58.256833663Z,60
2024-12-28T12:16:00.318375174Z,59.900001525878906
2024-12-28T12:16:10.854985421Z,60
2024-12-28T12:16:19.256543621Z,59.900001525878906
2024-12-28T12:17:24.79956733Z,59.79999923706055
2024-12-28T12:17:37.439331827Z,59.70000076293945
2024-12-28T12:17:52.221702996Z,59.599998474121094
2024-12-28T12:18:11.211632185Z,59.5
2024-12-28T12:18:34.421891064Z,59.400001525878906
2024-12-28T12:18:55.534381758Z,59.29999923706055
2024-12-28T12:18:57.591905632Z,59.400001525878906
2024-12-28T12:18:59.649155052Z,59.29999923706055
2024-12-28T12:20:20.025060727Z,59.20000076293945
2024-12-28T12:20:22.074802624Z,59.29999923706055
2024-12-28T12:20:24.143047132Z,59.20000076293945
2024-12-28T12:20:26.190170556Z,59.29999923706055
2024-12-28T12:20:30.36468474Z,59.20000076293945
2024-12-28T12:21:40.15629501Z,59.099998474121094
2024-12-28T12:22:01.095907045Z,59
2024-12-28T12:22:26.429001529Z,58.900001525878906
2024-12-28T12:22:32.714867609Z,58.79999923706055
2024-12-28T12:22:53.705553885Z,58.599998474121094
2024-12-28T12:23:02.104125852Z,58.5
2024-12-28T12:23:46.5148145Z,58.400001525878906
2024-12-28T12:23:59.145056168Z,58.29999923706055
2024-12-28T12:25:08.941639728Z,58.20000076293945
2024-12-28T12:25:30.060220871Z,58.099998474121094
2024-12-28T12:25:46.947629788Z,58
2024-12-28T12:26:16.38674227Z,57.900001525878906
2024-12-28T12:26:31.133865132Z,57.79999923706055
2024-12-28T12:26:56.459684271Z,57.70000076293945
2024-12-28T12:27:09.101105577Z,57.599998474121094
2024-12-28T12:27:30.202633333Z,57.5
2024-12-28T12:28:39.760565215Z,57.29999923706055
2024-12-28T12:29:13.572831276Z,57.20000076293945
2024-12-28T12:29:49.516082834Z,57.099998474121094
2024-12-28T12:30:38.152689551Z,57
2024-12-28T12:31:09.861257099Z,56.900001525878906
2024-12-28T12:31:43.666064216Z,56.79999923706055
2024-12-28T12:32:34.421182943Z,56.70000076293945
2024-12-28T12:33:03.985623914Z,56.599998474121094
2024-12-28T12:33:48.280382515Z,56.5
2024-12-28T12:34:19.988957512Z,56.400001525878906
2024-12-28T12:34:34.745561672Z,56.29999923706055
2024-12-28T12:35:17.027132884Z,56.20000076293945
2024-12-28T12:35:57.170368514Z,56.099998474121094
2024-12-28T12:37:02.60890833Z,56
2024-12-28T12:37:27.823955504Z,55.900001525878906
2024-12-28T12:38:37.616562499Z,55.79999923706055
2024-12-28T12:39:57.973725055Z,55.70000076293945
2024-12-28T12:41:05.530083956Z,55.599998474121094
2024-12-28T12:42:11.110648937Z,55.5
2024-12-28T12:44:39.212970297Z,55.400001525878906
2024-12-28T12:44:47.619381702Z,55.29999923706055
2024-12-28T12:46:43.737999318Z,55.20000076293945
2024-12-28T12:47:32.360518164Z,55.099998474121094
2024-12-28T12:49:36.942994389Z,55
2024-12-28T12:55:02.40100726Z,54.900001525878906
2024-12-28T12:55:04.420346367Z,55
2024-12-28T12:55:06.474727497Z,54.900001525878906
2024-12-28T12:57:49.15167367Z,55
2024-12-28T12:59:07.39179131Z,55.099998474121094
2024-12-28T12:59:41.17799568Z,55.20000076293945
2024-12-28T13:00:38.272890322Z,55.29999923706055
2024-12-28T13:02:26.131963935Z,55.400001525878906
2024-12-28T13:02:28.193248548Z,55.29999923706055
2024-12-28T13:02:30.250058915Z,55.400001525878906
2024-12-28T13:02:32.308539206Z,55.29999923706055
2024-12-28T13:02:34.365528197Z,55.400001525878906
2024-12-28T13:03:05.819022474Z,55.5
2024-12-28T13:03:07.878062721Z,55.400001525878906
2024-12-28T13:03:09.930935852Z,55.5
2024-12-28T13:04:28.061181111Z,55.599998474121094
2024-12-28T13:05:52.644109346Z,55.70000076293945
2024-12-28T13:06:30.670255029Z,55.79999923706055
2024-12-28T13:07:36.207086733Z,55.900001525878906
2024-12-28T13:08:48.086126828Z,56
2024-12-28T13:09:55.747982789Z,56.099998474121094
2024-12-28T13:09:57.817006618Z,56
2024-12-28T13:10:01.98726483Z,56.099998474121094
2024-12-28T13:12:17.202883101Z,56.20000076293945
2024-12-28T13:13:54.492006776Z,56.29999923706055
2024-12-28T13:17:52.943453837Z,56.400001525878906
2024-12-28T13:18:03.343524109Z,56.29999923706055
2024-12-28T13:18:07.514790034Z,56.400001525878906
2024-12-28T13:18:09.572948558Z,56.29999923706055
2024-12-28T13:18:37.025405125Z,56.400001525878906
2024-12-28T13:18:51.779029811Z,56.29999923706055
2024-12-28T13:18:53.839712383Z,56.400001525878906
2024-12-28T13:18:55.889395011Z,56.29999923706055
2024-12-28T13:18:57.947101168Z,56.400001525878906
2024-12-28T13:19:04.247967429Z,56.29999923706055
2024-12-28T13:19:06.30936646Z,56.400001525878906
2024-12-28T13:19:10.484305248Z,56.29999923706055
2024-12-28T13:19:14.655687266Z,56.400001525878906
2024-12-28T13:19:16.713364573Z,56.29999923706055
2024-12-28T13:21:40.437096692Z,56.400001525878906
2024-12-28T13:21:46.740241473Z,56.29999923706055
2024-12-28T13:21:50.908903623Z,56.400001525878906
2024-12-28T13:28:09.419053548Z,56.5
2024-12-28T13:28:11.481325324Z,56.400001525878906
2024-12-28T13:28:51.519881038Z,56.5
2024-12-28T13:28:53.568704137Z,56.400001525878906
2024-12-28T13:28:55.626785513Z,56.5
2024-12-28T13:29:03.929860594Z,56.400001525878906
2024-12-28T13:29:05.99310761Z,56.5
2024-12-28T13:29:08.051590296Z,56.400001525878906
2024-12-28T13:29:10.110288786Z,56.5
2024-12-28T13:29:48.13285166Z,56.599998474121094
2024-12-28T13:29:50.192287319Z,56.5
2024-12-28T13:29:56.483949836Z,56.599998474121094
2024-12-28T13:30:02.784693003Z,56.5
2024-12-28T13:30:04.848299903Z,56.599998474121094
2024-12-28T13:30:11.13738829Z,56.5
2024-12-28T13:30:13.195836435Z,56.599998474121094
2024-12-28T13:30:19.483863806Z,56.5
2024-12-28T13:30:23.656731853Z,56.599998474121094
2024-12-28T13:30:25.717124548Z,56.5
2024-12-28T13:30:27.770568144Z,56.599998474121094
2024-12-28T13:30:29.82592792Z,56.5
2024-12-28T13:30:31.889608145Z,56.599998474121094
2024-12-28T13:30:33.952511669Z,56.5
2024-12-28T13:30:40.249664991Z,56.599998474121094
2024-12-28T13:39:14.219389727Z,56.5
2024-12-28T13:39:16.274525041Z,56.599998474121094
2024-12-28T13:39:20.452146717Z,56.5
2024-12-28T13:39:22.518018298Z,56.599998474121094
2024-12-28T13:39:35.151062612Z,56.5
2024-12-28T13:41:50.407134101Z,56.400001525878906
2024-12-28T13:41:52.457929599Z,56.5
2024-12-28T13:41:58.739844607Z,56.400001525878906
2024-12-28T13:42:00.792913792Z,56.5
2024-12-28T13:42:02.852749041Z,56.400001525878906
2024-12-28T13:42:04.911338239Z,56.5
2024-12-28T13:42:09.092650022Z,56.400001525878906
2024-12-28T13:42:11.150980613Z,56.5
2024-12-28T13:42:13.20443554Z,56.400001525878906
2024-12-28T13:42:17.376106637Z,56.5
2024-12-28T13:42:19.433160035Z,56.400001525878906
2024-12-28T13:43:01.671301793Z,56.5
2024-12-28T13:43:03.730275322Z,56.400001525878906
2024-12-28T13:43:07.918674895Z,56.5
2024-12-28T13:43:14.207211897Z,56.400001525878906
2024-12-28T13:43:16.269497806Z,56.5
2024-12-28T13:43:28.886081127Z,56.400001525878906
2024-12-28T13:43:37.301695914Z,56.5
2024-12-28T13:44:42.729844164Z,56.599998474121094
2024-12-28T13:46:46.923216016Z,56.70000076293945
2024-12-28T13:47:50.055349216Z,56.599998474121094
2024-12-28T13:47:56.350159703Z,56.70000076293945
2024-12-28T13:47:58.404469299Z,56.599998474121094
2024-12-28T13:48:06.812328523Z,56.70000076293945
2024-12-28T13:48:08.878210019Z,56.599998474121094
2024-12-28T13:52:26.839143788Z,56.70000076293945
2024-12-28T13:52:28.897754473Z,56.599998474121094
2024-12-28T13:52:30.956497115Z,56.70000076293945
2024-12-28T13:52:33.014344195Z,56.599998474121094
2024-12-28T13:52:35.075527861Z,56.70000076293945
2024-12-28T13:52:37.132918953Z,56.599998474121094
2024-12-28T13:54:10.031997436Z,56.70000076293945
2024-12-28T13:55:36.722865264Z,56.79999923706055
2024-12-28T13:56:27.407702813Z,56.900001525878906
2024-12-28T13:56:44.233418483Z,56.79999923706055
2024-12-28T13:56:54.752878957Z,56.900001525878906
2024-12-28T13:56:56.811215012Z,56.79999923706055
2024-12-28T13:56:58.871258029Z,56.900001525878906
2024-12-28T13:57:22.087100393Z,57
2024-12-28T13:57:43.201686964Z,57.099998474121094
2024-12-28T13:58:04.309066176Z,57.20000076293945
2024-12-28T13:58:19.079811087Z,57.099998474121094
2024-12-28T13:58:21.154214996Z,57.20000076293945
2024-12-28T13:58:27.41361507Z,57.099998474121094
2024-12-28T13:58:31.591954029Z,57.20000076293945
2024-12-28T13:58:42.117338402Z,57.29999923706055
2024-12-28T13:58:50.513248265Z,57.400001525878906
2024-12-28T13:58:52.573089286Z,57.5
2024-12-28T14:00:02.339053565Z,57.599998474121094
2024-12-28T14:00:42.385328353Z,57.70000076293945
2024-12-28T14:01:07.713897662Z,57.79999923706055
2024-12-28T14:02:21.512132712Z,57.900001525878906
2024-12-28T14:02:51.091177182Z,58
2024-12-28T14:03:29.129082153Z,58.099998474121094
2024-12-28T14:03:52.365837009Z,58.20000076293945
2024-12-28T14:04:26.097615299Z,58.29999923706055
2024-12-28T14:04:51.259905745Z,58.400001525878906
2024-12-28T14:05:01.671485277Z,58.5
2024-12-28T14:05:27.005592828Z,58.599998474121094
2024-12-28T14:05:50.231038003Z,58.79999923706055
2024-12-28T14:06:36.729202754Z,58.900001525878906
2024-12-28T14:07:59.100835628Z,59
2024-12-28T14:09:25.841941424Z,58.900001525878906
2024-12-28T14:10:16.41363424Z,59
2024-12-28T14:10:56.569770605Z,59.099998474121094
2024-12-28T14:10:58.649430853Z,59.20000076293945
2024-12-28T14:11:00.689457489Z,59.400001525878906
2024-12-28T14:11:02.744283344Z,59.5
2024-12-28T14:11:06.914356868Z,59.599998474121094
2024-12-28T14:11:15.270555019Z,59.5
2024-12-28T14:11:23.67104172Z,59.400001525878906
2024-12-28T14:11:32.072271534Z,59.29999923706055
2024-12-28T14:11:38.365705352Z,59.20000076293945
2024-12-28T14:11:40.425373336Z,59.400001525878906
2024-12-28T14:11:42.486853032Z,59.5
2024-12-28T14:11:44.54656498Z,59.599998474121094
2024-12-28T14:11:46.614929334Z,59.5
2024-12-28T14:12:16.202230886Z,59.599998474121094
2024-12-28T14:12:28.842282557Z,59.70000076293945
2024-12-28T14:12:35.143001911Z,59.79999923706055
2024-12-28T14:12:39.328838552Z,59.900001525878906
2024-12-28T14:12:41.38908518Z,60.20000076293945
2024-12-28T14:12:51.932635157Z,60.099998474121094
2024-12-28T14:13:21.50872619Z,60.20000076293945
2024-12-28T14:13:25.683105044Z,60.099998474121094
2024-12-28T14:13:27.745473014Z,60.29999923706055
2024-12-28T14:13:31.922306268Z,60.20000076293945
2024-12-28T14:13:33.982655456Z,60.29999923706055
2024-12-28T14:13:38.155411777Z,60.20000076293945
2024-12-28T14:13:40.220171342Z,60.29999923706055
2024-12-28T14:13:42.282578656Z,60.20000076293945
2024-12-28T14:13:46.463864836Z,60.29999923706055
2024-12-28T14:13:50.64141565Z,60.20000076293945
2024-12-28T14:13:52.698703697Z,60.29999923706055
2024-12-28T14:13:54.762607964Z,60.400001525878906
2024-12-28T14:13:56.813151145Z,60.5
2024-12-28T14:14:05.229922681Z,60.400001525878906
2024-12-28T14:14:39.702359977Z,60.79999923706055
2024-12-28T14:14:40.281392238Z,60.70000076293945
2024-12-28T14:14:44.429832742Z,60.599998474121094
2024-12-28T14:14:50.718404814Z,60.900001525878906
2024-12-28T14:14:52.787075304Z,61.20000076293945
2024-12-28T14:14:54.847383064Z,61.29999923706055
2024-12-28T14:14:56.944973943Z,61.20000076293945
2024-12-28T14:14:59.015988975Z,61.099998474121094
2024-12-28T14:15:01.01799873Z,61
2024-12-28T14:15:03.077701629Z,60.900001525878906
2024-12-28T14:15:05.137419089Z,60.79999923706055
2024-12-28T14:15:09.302298954Z,60.70000076293945
2024-12-28T14:15:11.360577125Z,60.599998474121094
2024-12-28T14:15:15.533136734Z,60.5
2024-12-28T14:15:38.322812661Z,60.5
2024-12-28T14:15:44.89475789Z,60.599998474121094
2024-12-28T14:15:53.293343384Z,60.70000076293945
2024-12-28T14:16:05.944227465Z,60.599998474121094
2024-12-28T14:16:29.167434649Z,60.900001525878906
2024-12-28T14:16:31.235661879Z,61
2024-12-28T14:16:37.533022595Z,60.900001525878906
2024-12-28T14:16:50.174818322Z,60.79999923706055
2024-12-28T14:17:00.710140977Z,60.70000076293945
2024-12-28T14:17:04.883748492Z,60.79999923706055
2024-12-28T14:17:09.05634614Z,60.900001525878906
2024-12-28T14:17:36.546110528Z,60.900001525878906
2024-12-28T14:17:39.298317942Z,60.79999923706055
2024-12-28T14:17:56.080675782Z,60.70000076293945
2024-12-28T14:18:00.264968181Z,61
2024-12-28T14:18:02.323832789Z,61.099998474121094
2024-12-28T14:18:10.733811601Z,61
2024-12-28T14:18:14.904693903Z,60.900001525878906
2024-12-28T14:18:19.080974526Z,60.79999923706055
2024-12-28T14:18:25.37009928Z,60.70000076293945
2024-12-28T14:18:29.430917724Z,60.599998474121094
2024-12-28T14:18:31.488462846Z,60.70000076293945
2024-12-28T14:18:33.547348474Z,60.599998474121094
2024-12-28T14:18:52.541695569Z,60.5
2024-12-28T14:18:54.603166068Z,60.599998474121094
2024-12-28T14:19:07.25838826Z,60.5
2024-12-28T14:19:17.775718184Z,60.400001525878906
2024-12-28T14:19:24.06885139Z,60.5
2024-12-28T14:19:28.240511719Z,60.400001525878906
2024-12-28T14:19:32.426910822Z,60.5
2024-12-28T14:19:57.77103148Z,60.599998474121094
2024-12-28T14:20:16.766769365Z,60.5
2024-12-28T14:20:50.542687302Z,60.400001525878906
2024-12-28T14:21:35.440463843Z,60.29999923706055
2024-12-28T14:21:37.503197258Z,60.400001525878906
2024-12-28T14:21:45.91057681Z,60.29999923706055
2024-12-28T14:21:47.978230868Z,60.400001525878906
2024-12-28T14:22:04.847781873Z,60.5
2024-12-28T14:22:57.683520221Z,60.400001525878906
2024-12-28T14:23:01.86720165Z,60.29999923706055
2024-12-28T14:23:10.265436264Z,60.20000076293945
2024-12-28T14:23:14.447599401Z,60.099998474121094
2024-12-28T14:23:29.208426221Z,60
2024-12-28T14:23:31.273987315Z,60.099998474121094
2024-12-28T14:23:33.331709089Z,59.900001525878906
2024-12-28T14:23:35.39557964Z,60
2024-12-28T14:23:37.457585145Z,59.900001525878906
2024-12-28T14:23:39.515498605Z,60
2024-12-28T14:23:45.80483407Z,59.900001525878906
2024-12-28T14:23:47.868017604Z,59.79999923706055
2024-12-28T14:23:49.925333197Z,59.900001525878906
2024-12-28T14:23:54.095071075Z,59.79999923706055
2024-12-28T14:23:58.269131667Z,59.900001525878906
2024-12-28T14:24:02.455441964Z,59.79999923706055
2024-12-28T14:24:21.390591549Z,59.70000076293945
2024-12-28T14:24:27.688508077Z,59.599998474121094
2024-12-28T14:24:40.333234703Z,59.5
2024-12-28T14:24:42.391191899Z,59.599998474121094
2024-12-28T14:24:44.454655241Z,59.400001525878906
2024-12-28T14:24:52.866237161Z,59.29999923706055
2024-12-28T14:24:59.160794505Z,59.20000076293945
2024-12-28T14:25:09.692113457Z,59.099998474121094
2024-12-28T14:25:26.555782513Z,59
2024-12-28T14:25:49.777758597Z,58.900001525878906
2024-12-28T14:27:07.812965868Z,59
2024-12-28T14:27:24.516141149Z,59.099998474121094
2024-12-28T14:27:47.579466339Z,59.20000076293945
2024-12-28T14:28:23.39663889Z,59.29999923706055
2024-12-28T14:28:50.859458933Z,59.400001525878906
2024-12-28T14:30:13.247438668Z,59.5
2024-12-28T14:30:15.313149146Z,59.70000076293945
2024-12-28T14:30:19.506941244Z,59.79999923706055
2024-12-28T14:30:23.657801524Z,59.70000076293945
2024-12-28T14:30:25.719843584Z,59.79999923706055
2024-12-28T14:30:27.775246163Z,59.900001525878906
2024-12-28T14:30:29.831507425Z,60.099998474121094
2024-12-28T14:30:31.883393378Z,60.400001525878906
2024-12-28T14:30:33.953584605Z,60.599998474121094
2024-12-28T14:30:36.011343783Z,60.70000076293945
2024-12-28T14:30:38.068053539Z,60.79999923706055
2024-12-28T14:30:42.245460252Z,60.70000076293945
2024-12-28T14:30:44.304835687Z,60.599998474121094
2024-12-28T14:30:46.366699705Z,60.5
2024-12-28T14:30:48.425227478Z,60.400001525878906
2024-12-28T14:30:50.484270491Z,60.29999923706055
2024-12-28T14:30:54.656036722Z,60.20000076293945
2024-12-28T14:30:58.831153502Z,60.099998474121094
2024-12-28T14:31:03.01594485Z,60
2024-12-28T14:31:07.206663922Z,59.900001525878906
2024-12-28T14:31:24.01195844Z,59.79999923706055
2024-12-28T14:31:42.900032466Z,59.70000076293945
2024-12-28T14:31:47.077905683Z,59.900001525878906
2024-12-28T14:31:49.133083114Z,60
2024-12-28T14:31:53.30753149Z,59.900001525878906
2024-12-28T14:31:55.364194144Z,60
2024-12-28T14:32:01.671953218Z,59.900001525878906
2024-12-28T14:32:12.201933444Z,60.099998474121094
2024-12-28T14:32:14.265083975Z,60.20000076293945
2024-12-28T14:32:16.321427206Z,60.099998474121094
2024-12-28T14:32:24.723038968Z,60
2024-12-28T14:32:26.782874289Z,59.900001525878906
2024-12-28T14:32:35.192547835Z,60.20000076293945
2024-12-28T14:32:37.253477988Z,60.5
2024-12-28T14:32:39.308488313Z,60.900001525878906
2024-12-28T14:32:41.366557717Z,61.099998474121094
2024-12-28T14:32:43.42467711Z,61.20000076293945
2024-12-28T14:32:45.48249037Z,61.099998474121094
2024-12-28T14:32:47.547445898Z,61
2024-12-28T14:32:49.607188416Z,60.900001525878906
2024-12-28T14:32:51.663450144Z,60.79999923706055
2024-12-28T14:32:53.7216569Z,60.70000076293945
2024-12-28T14:32:55.77878409Z,61
2024-12-28T14:33:02.075024751Z,60.79999923706055
2024-12-28T14:33:04.147094404Z,60.70000076293945
2024-12-28T14:33:06.207335178Z,60.599998474121094
2024-12-28T14:33:10.382141088Z,60.5
2024-12-28T14:33:12.44191569Z,60.400001525878906
2024-12-28T14:33:16.615556532Z,60.29999923706055
2024-12-28T14:33:22.907521746Z,60.20000076293945
2024-12-28T14:33:27.085987868Z,60.400001525878906
2024-12-28T14:33:29.140365781Z,60.5
2024-12-28T14:33:33.319866263Z,60.599998474121094
2024-12-28T14:33:37.505874039Z,60.5
2024-12-28T14:33:41.678514586Z,60.400001525878906
2024-12-28T14:34:00.209154941Z,60.20000076293945
2024-12-28T14:34:09.401979595Z,60.099998474121094
2024-12-28T14:34:11.457833157Z,60.29999923706055
2024-12-28T14:34:13.517643307Z,60.599998474121094
2024-12-28T14:34:15.575627043Z,60.79999923706055
2024-12-28T14:34:19.752190936Z,61
2024-12-28T14:34:23.941355943Z,60.900001525878906
2024-12-28T14:34:26.001632578Z,60.79999923706055
2024-12-28T14:34:28.060308375Z,60.70000076293945
2024-12-28T14:34:30.123404319Z,60.599998474121094
2024-12-28T14:34:32.181097546Z,60.5
2024-12-28T14:34:34.243099317Z,60.400001525878906
2024-12-28T14:34:38.417339905Z,60.29999923706055
2024-12-28T14:34:46.833012864Z,60.20000076293945
2024-12-28T14:34:53.023074205Z,60.099998474121094
2024-12-28T14:35:07.776037807Z,60
2024-12-28T14:35:11.947994469Z,59.900001525878906
2024-12-28T14:35:22.49182245Z,59.79999923706055
2024-12-28T14:35:24.550148607Z,59.900001525878906
2024-12-28T14:35:30.844119414Z,60.5
2024-12-28T14:35:32.904180734Z,60.79999923706055
2024-12-28T14:35:34.96249196Z,61
2024-12-28T14:35:41.25921931Z,60.900001525878906
2024-12-28T14:35:43.312178474Z,60.70000076293945
2024-12-28T14:35:47.495044985Z,60.599998474121094
2024-12-28T14:35:49.558533195Z,60.5
2024-12-28T14:35:51.616971599Z,60.400001525878906
2024-12-28T14:35:53.68511732Z,60.29999923706055
2024-12-28T14:35:59.979570233Z,60.20000076293945
2024-12-28T14:36:04.152621897Z,60.099998474121094
2024-12-28T14:37:28.882477599Z,60.29999923706055
2024-12-28T14:37:36.097498298Z,60.20000076293945
2024-12-28T14:37:42.3941639Z,60.099998474121094
2024-12-28T14:37:55.088315567Z,60
2024-12-28T14:38:18.266268067Z,60.099998474121094
2024-12-28T14:38:20.33058843Z,60
2024-12-28T14:38:22.411190279Z,60.099998474121094
2024-12-28T14:38:24.452712Z,60
2024-12-28T14:38:43.460344454Z,60.099998474121094
2024-12-28T14:38:53.997526946Z,60
2024-12-28T14:39:19.340471954Z,60.20000076293945
2024-12-28T14:39:21.392289241Z,60.599998474121094
2024-12-28T14:39:23.450881355Z,60.79999923706055
2024-12-28T14:39:27.627149584Z,60.70000076293945
2024-12-28T14:39:29.705560965Z,60.599998474121094
2024-12-28T14:39:33.883886183Z,60.5
2024-12-28T14:39:38.05986827Z,60.400001525878906
2024-12-28T14:39:40.116610135Z,60.29999923706055
2024-12-28T14:39:46.404532301Z,60.20000076293945
2024-12-28T14:40:03.286971995Z,60.29999923706055
2024-12-28T14:40:11.69428361Z,60.400001525878906
2024-12-28T14:40:43.389607523Z,60.5
2024-12-28T14:41:12.872715469Z,60.400001525878906
2024-12-28T14:41:17.048519499Z,60.29999923706055
2024-12-28T14:41:21.229648342Z,60.20000076293945
2024-12-28T14:41:29.645429156Z,60.099998474121094
2024-12-28T14:41:35.94438626Z,60
2024-12-28T14:41:52.798257467Z,59.900001525878906
2024-12-28T14:41:59.088594909Z,59.79999923706055
2024-12-28T14:43:08.911589654Z,59.900001525878906
2024-12-28T14:43:10.9723475Z,59.79999923706055
2024-12-28T14:43:38.442443164Z,59.900001525878906
2024-12-28T14:43:51.073775996Z,60
2024-12-28T14:44:12.195738813Z,60.099998474121094
2024-12-28T14:44:24.832843495Z,60.29999923706055
2024-12-28T14:44:26.895345318Z,60.099998474121094
2024-12-28T14:44:28.952675628Z,60.20000076293945
2024-12-28T14:44:31.025690336Z,60.29999923706055
2024-12-28T14:45:17.528955861Z,60.400001525878906
2024-12-28T14:45:36.521521368Z,60.5
2024-12-28T14:46:14.551986312Z,60.599998474121094
2024-12-28T14:46:56.640963375Z,60.70000076293945
2024-12-28T14:47:28.34039959Z,60.79999923706055
2024-12-28T14:47:38.87802308Z,60.900001525878906
2024-12-28T14:48:06.358812408Z,61
2024-12-28T14:48:08.423952147Z,60.900001525878906
2024-12-28T14:48:14.703808752Z,61
2024-12-28T14:48:23.110723781Z,61.099998474121094
2024-12-28T14:48:25.172228318Z,61
2024-12-28T14:48:48.285797801Z,61.099998474121094
2024-12-28T14:48:56.696070815Z,61.20000076293945
2024-12-28T14:49:43.221895731Z,61.29999923706055
2024-12-28T14:49:45.281806064Z,61.20000076293945
2024-12-28T14:49:47.343632609Z,61.29999923706055
2024-12-28T14:50:19.050027645Z,61.400001525878906
2024-12-28T14:50:54.969972927Z,61.5
2024-12-28T14:51:36.948083682Z,61.599998474121094
2024-12-28T14:51:55.923975818Z,61.70000076293945
2024-12-28T14:52:21.284505609Z,61.79999923706055
2024-12-28T14:52:25.445237069Z,61.70000076293945
2024-12-28T14:52:27.504765666Z,61.79999923706055
2024-12-28T14:52:59.198681487Z,61.900001525878906
2024-12-28T14:53:01.25403961Z,61.79999923706055
2024-12-28T14:53:13.899525939Z,61.70000076293945
2024-12-28T14:53:30.766372315Z,61.599998474121094
2024-12-28T14:53:37.06520426Z,61.5
2024-12-28T14:53:41.237313537Z,61.400001525878906
2024-12-28T14:53:47.52341908Z,61.29999923706055
2024-12-28T14:53:51.701073135Z,61.20000076293945
2024-12-28T14:53:57.992305471Z,61.099998474121094
2024-12-28T14:54:08.529000425Z,61
2024-12-28T14:54:16.950296851Z,60.900001525878906
2024-12-28T14:54:27.451932472Z,60.79999923706055
2024-12-28T14:54:37.984407834Z,60.70000076293945
2024-12-28T14:54:50.442268064Z,60.599998474121094
2024-12-28T14:55:00.966185437Z,60.5
2024-12-28T14:55:11.379344906Z,60.400001525878906
2024-12-28T14:55:32.477593714Z,60.29999923706055
2024-12-28T14:55:34.545496888Z,60.20000076293945
2024-12-28T14:55:42.950536979Z,60.099998474121094
2024-12-28T14:55:45.007055988Z,60
2024-12-28T14:55:59.768399152Z,59.900001525878906
2024-12-28T14:56:33.591878187Z,59.79999923706055
2024-12-28T14:56:42.015961009Z,59.70000076293945
2024-12-28T14:56:52.526022993Z,59.599998474121094
2024-12-28T14:57:07.291897455Z,59.5
2024-12-28T14:57:22.068916072Z,59.599998474121094
2024-12-28T14:57:24.130945793Z,59.70000076293945
2024-12-28T14:57:32.535913961Z,59.599998474121094
2024-12-28T14:57:36.602986905Z,59.5
2024-12-28T14:57:42.889004729Z,59.400001525878906
2024-12-28T14:57:55.527555109Z,59.29999923706055
2024-12-28T14:58:06.060990464Z,59.20000076293945
2024-12-28T14:58:10.234354656Z,59.099998474121094
2024-12-28T14:58:20.760002432Z,59
2024-12-28T14:59:05.135759001Z,58.900001525878906
2024-12-28T14:59:11.432457463Z,59
2024-12-28T14:59:26.199934412Z,59.099998474121094
2024-12-28T14:59:36.603117725Z,59.20000076293945
2024-12-28T14:59:40.779770786Z,59.099998474121094
2024-12-28T14:59:42.84506226Z,59.20000076293945
2024-12-28T14:59:47.009823872Z,59.29999923706055
2024-12-28T15:00:08.133352842Z,59.400001525878906
2024-12-28T15:00:14.443420185Z,59.5
2024-12-28T15:00:22.834495228Z,59.599998474121094
2024-12-28T15:00:31.236943616Z,59.70000076293945
2024-12-28T15:00:43.771562367Z,59.79999923706055
2024-12-28T15:00:52.186675245Z,59.900001525878906
2024-12-28T15:01:38.639852643Z,60
2024-12-28T15:05:30.782357428Z,59.900001525878906
2024-12-28T15:08:05.269887979Z,60
2024-12-28T15:08:09.398301636Z,59.900001525878906
2024-12-28T15:08:13.573403683Z,60.099998474121094
2024-12-28T15:08:15.633560028Z,60
2024-12-28T15:08:19.804545958Z,60.099998474121094
2024-12-28T15:08:26.097989369Z,60
2024-12-28T15:08:28.165431192Z,60.099998474121094
2024-12-28T15:08:42.933025431Z,60
2024-12-28T15:08:44.990340748Z,60.099998474121094
2024-12-28T15:08:47.050272553Z,60
2024-12-28T15:08:49.108225705Z,60.099998474121094
2024-12-28T15:08:55.393327333Z,60
2024-12-28T15:08:57.449022597Z,60.099998474121094
2024-12-28T15:12:07.926612026Z,60
2024-12-28T15:12:09.994250506Z,60.099998474121094
2024-12-28T15:12:12.056295856Z,60
2024-12-28T15:12:14.113029244Z,60.099998474121094
2024-12-28T15:12:16.167518267Z,60
2024-12-28T15:12:22.457555628Z,60.099998474121094
2024-12-28T15:12:26.63776782Z,60
2024-12-28T15:12:28.693891459Z,60.099998474121094
2024-12-28T15:14:43.833092576Z,60
2024-12-28T15:14:45.894357075Z,60.099998474121094
2024-12-28T15:15:06.984231949Z,60
2024-12-28T15:15:13.282177579Z,60.099998474121094
2024-12-28T15:15:15.339382352Z,60
2024-12-28T15:15:23.748139643Z,60.099998474121094
2024-12-28T15:15:27.922760407Z,60
2024-12-28T15:15:29.978603603Z,60.099998474121094
2024-12-28T15:15:32.035835571Z,60
2024-12-28T15:15:34.099188041Z,60.099998474121094
2024-12-28T15:15:36.152910982Z,60
2024-12-28T15:15:40.329976122Z,60.099998474121094
2024-12-28T15:15:44.513631186Z,60
2024-12-28T15:15:46.571591777Z,60.099998474121094
2024-12-28T15:15:48.632924334Z,60
2024-12-28T15:15:50.688274664Z,60.099998474121094
2024-12-28T15:15:56.988171286Z,60
2024-12-28T15:15:59.039782028Z,60.099998474121094
2024-12-28T15:16:01.099813399Z,60
2024-12-28T15:16:03.155384042Z,60.099998474121094
2024-12-28T15:16:47.544080497Z,60
2024-12-28T15:18:31.014451757Z,60.099998474121094
2024-12-28T15:18:35.134156358Z,60
2024-12-28T15:18:43.544311507Z,60.099998474121094
2024-12-28T15:18:45.599072383Z,60
2024-12-28T15:19:34.206910682Z,60.099998474121094
2024-12-28T15:19:40.493181549Z,60
2024-12-28T15:19:44.676291615Z,60.099998474121094
2024-12-28T15:19:46.7385281Z,60
2024-12-28T15:19:48.796960229Z,60.099998474121094
2024-12-28T15:19:57.204219498Z,60
2024-12-28T15:20:01.381192855Z,60.099998474121094
2024-12-28T15:20:03.442209628Z,60
2024-12-28T15:20:11.854082784Z,60.099998474121094
2024-12-28T15:20:18.145968568Z,60
2024-12-28T15:20:20.201762436Z,60.099998474121094
2024-12-28T15:22:07.83664676Z,60
2024-12-28T15:23:19.496932469Z,59.900001525878906
2024-12-28T15:24:05.993869755Z,59.79999923706055
2024-12-28T15:26:14.834946224Z,59.900001525878906
2024-12-28T15:29:59.096127591Z,59.79999923706055
2024-12-28T15:31:51.197980454Z,59.70000076293945
2024-12-28T15:31:55.37394365Z,59.79999923706055
2024-12-28T15:31:59.552836659Z,59.599998474121094
2024-12-28T15:32:01.611028552Z,59.79999923706055
2024-12-28T15:32:03.672103412Z,59.599998474121094
2024-12-28T15:33:09.21465458Z,59.5
2024-12-28T15:33:13.392054399Z,59.599998474121094
2024-12-28T15:33:17.572026105Z,59.5
2024-12-28T15:34:33.710529366Z,59.599998474121094
2024-12-28T15:34:35.771796695Z,59.5
2024-12-28T15:34:48.43361969Z,59.599998474121094
2024-12-28T15:34:52.613136506Z,59.5
2024-12-28T15:34:56.784871363Z,59.599998474121094
2024-12-28T15:37:09.791408491Z,59.70000076293945
2024-12-28T15:37:49.861245693Z,59.79999923706055
2024-12-28T15:38:08.681489575Z,59.900001525878906
2024-12-28T15:38:21.334756659Z,60
2024-12-28T15:38:27.631144003Z,60.099998474121094
2024-12-28T15:38:52.867818364Z,60.20000076293945
2024-12-28T15:39:35.576824956Z,60.29999923706055
2024-12-28T15:39:54.565548189Z,60.20000076293945
2024-12-28T15:39:56.619351141Z,60.29999923706055
2024-12-28T15:40:00.95529424Z,60.20000076293945
2024-12-28T15:40:17.67894403Z,60.29999923706055
2024-12-28T15:40:21.85427322Z,60.400001525878906
2024-12-28T15:40:32.370910185Z,60.29999923706055
2024-12-28T15:40:34.432475915Z,60.400001525878906
2024-12-28T15:40:40.733015361Z,60.29999923706055
2024-12-28T15:40:42.789478018Z,60.400001525878906
2024-12-28T15:40:57.442081918Z,60.5
2024-12-28T15:40:59.498009779Z,60.400001525878906
2024-12-28T15:42:00.716983707Z,60.29999923706055
2024-12-28T15:42:02.779155275Z,60.400001525878906
2024-12-28T15:42:04.83911533Z,60.29999923706055
2024-12-28T15:42:09.016799978Z,60.400001525878906
2024-12-28T15:42:34.369114724Z,60.5
2024-12-28T15:43:12.422832869Z,60.400001525878906
2024-12-28T15:44:22.106875324Z,60.29999923706055
2024-12-28T15:44:24.163951143Z,60.400001525878906
2024-12-28T15:44:28.338258053Z,60.29999923706055
2024-12-28T15:44:36.753083604Z,60.400001525878906
2024-12-28T15:44:47.272153619Z,60.5
2024-12-28T15:46:01.297105949Z,60.400001525878906
2024-12-28T15:47:27.931160034Z,60.5
2024-12-28T15:47:59.618767381Z,60.400001525878906
2024-12-28T15:48:05.910205457Z,60.5
2024-12-28T15:50:08.329002502Z,60.599998474121094
2024-12-28T15:50:12.503389327Z,60.5
2024-12-28T15:50:14.56321933Z,60.599998474121094
2024-12-28T15:54:15.752062267Z,60.70000076293945
2024-12-28T15:54:17.813431826Z,60.599998474121094
2024-12-28T16:00:25.971909998Z,60.5
2024-12-28T16:00:40.728752342Z,60.599998474121094
2024-12-28T16:00:42.779760289Z,60.5
2024-12-28T16:01:22.938585193Z,60.400001525878906
2024-12-28T16:01:25.017472727Z,60.5
2024-12-28T16:01:27.068592439Z,60.400001525878906
2024-12-28T16:06:52.654177254Z,60.29999923706055
2024-12-28T16:06:54.710669376Z,60.400001525878906
2024-12-28T16:10:47.257688544Z,60.29999923706055
2024-12-28T16:12:11.88763059Z,60.20000076293945
2024-12-28T16:12:16.057916376Z,60.29999923706055
2024-12-28T16:12:18.113602675Z,60.20000076293945
2024-12-28T16:12:30.767344343Z,60.29999923706055
2024-12-28T16:12:32.818719307Z,60.20000076293945
2024-12-28T16:14:09.997050032Z,60.099998474121094
2024-12-28T16:14:12.054062882Z,60.20000076293945
2024-12-28T16:14:14.108061686Z,60.099998474121094
2024-12-28T16:14:16.163223537Z,60.20000076293945
2024-12-28T16:14:30.921405429Z,60.099998474121094
2024-12-28T16:14:39.335724845Z,60.20000076293945
2024-12-28T16:14:47.740229752Z,60.099998474121094
2024-12-28T16:14:49.803876127Z,60.20000076293945
2024-12-28T16:15:02.461702603Z,60.29999923706055
2024-12-28T16:15:08.757531933Z,60.20000076293945
2024-12-28T16:15:10.818690399Z,60.29999923706055
2024-12-28T16:15:46.630966628Z,60.20000076293945
2024-12-28T16:15:50.809184293Z,60.29999923706055
2024-12-28T16:15:52.867568252Z,60.20000076293945
2024-12-28T16:15:59.16969328Z,60.29999923706055
2024-12-28T16:16:01.228891227Z,60.20000076293945
2024-12-28T16:16:47.753598526Z,60.099998474121094
2024-12-28T16:16:49.817778745Z,60.20000076293945
2024-12-28T16:16:51.879552005Z,60.099998474121094
2024-12-28T16:16:56.050891084Z,60
2024-12-28T16:17:04.47339416Z,59.900001525878906
2024-12-28T16:17:21.348336787Z,59.79999923706055
2024-12-28T16:17:46.704656868Z,59.70000076293945
2024-12-28T16:18:31.123652101Z,59.599998474121094
2024-12-28T16:18:52.231293264Z,59.5
2024-12-28T16:19:30.290686883Z,59.400001525878906
2024-12-28T16:20:25.270091628Z,59.29999923706055
2024-12-28T16:21:07.571261587Z,59.20000076293945
2024-12-28T16:21:09.636380993Z,59.29999923706055
2024-12-28T16:21:11.686391475Z,59.20000076293945
2024-12-28T16:21:51.666724997Z,59.099998474121094
2024-12-28T16:23:03.398551853Z,58.900001525878906
2024-12-28T16:23:35.158013042Z,58.79999923706055
2024-12-28T16:24:38.535303705Z,58.70000076293945
2024-12-28T16:24:40.593862599Z,58.79999923706055
2024-12-28T16:24:44.769023407Z,58.70000076293945
2024-12-28T16:24:46.824474795Z,58.79999923706055
2024-12-28T16:24:48.881647303Z,58.70000076293945
2024-12-28T16:25:14.235986534Z,58.5
2024-12-28T16:26:07.008880535Z,58.400001525878906
2024-12-28T16:26:09.064858596Z,58.5
2024-12-28T16:26:17.465203305Z,58.400001525878906
2024-12-28T16:27:05.982951207Z,58.29999923706055
2024-12-28T16:27:14.393502265Z,58.400001525878906
2024-12-28T16:27:16.44861241Z,58.29999923706055
2024-12-28T16:27:48.153593506Z,58.400001525878906
2024-12-28T16:28:59.955787573Z,58.29999923706055
2024-12-28T16:29:02.013646521Z,58.400001525878906
2024-12-28T16:29:04.088648547Z,58.29999923706055
2024-12-28T16:29:10.381064286Z,58.400001525878906
2024-12-28T16:29:29.364494274Z,58.29999923706055
2024-12-28T16:31:02.335754238Z,58.400001525878906
2024-12-28T16:31:42.345741088Z,58.29999923706055
2024-12-28T16:33:36.550236392Z,58.20000076293945
2024-12-28T16:34:14.607937267Z,58.099998474121094
2024-12-28T16:35:03.217899611Z,58
2024-12-28T16:35:41.264373667Z,57.900001525878906
2024-12-28T16:38:13.419111056Z,57.79999923706055
2024-12-28T16:38:17.593543195Z,57.900001525878906
2024-12-28T16:39:18.94529325Z,57.79999923706055
2024-12-28T16:39:20.99976224Z,57.900001525878906
2024-12-28T16:39:23.058282057Z,57.79999923706055
2024-12-28T16:41:17.000704782Z,57.900001525878906
2024-12-28T16:41:23.289053848Z,57.79999923706055
2024-12-28T16:45:26.398855321Z,57.70000076293945
2024-12-28T16:45:28.454582011Z,57.79999923706055
2024-12-28T16:45:32.633639785Z,57.70000076293945
2024-12-28T16:45:34.688177908Z,57.79999923706055
2024-12-28T16:45:36.748797817Z,57.70000076293945
2024-12-28T16:45:40.932416589Z,57.79999923706055
2024-12-28T16:45:42.992924573Z,57.70000076293945
2024-12-28T16:45:49.287221675Z,57.599998474121094
2024-12-28T16:45:51.351566551Z,57.70000076293945
2024-12-28T16:45:53.412843096Z,57.599998474121094
2024-12-28T16:45:55.463477864Z,57.70000076293945
2024-12-28T16:45:57.523136371Z,57.599998474121094
2024-12-28T16:45:59.584534492Z,57.70000076293945
2024-12-28T16:46:10.118257868Z,57.599998474121094
2024-12-28T16:46:41.675224257Z,57.70000076293945
2024-12-28T16:46:45.847652323Z,57.599998474121094
2024-12-28T16:49:33.008593071Z,57.5
2024-12-28T16:51:18.768250266Z,57.400001525878906
2024-12-28T16:53:10.758818693Z,57.5
2024-12-28T16:53:12.821857072Z,57.400001525878906
2024-12-28T16:53:16.993991121Z,57.5
2024-12-28T16:55:34.523067056Z,57.599998474121094
2024-12-28T16:56:18.918414154Z,57.70000076293945
2024-12-28T16:57:26.2862552Z,57.79999923706055
2024-12-28T16:58:14.520807801Z,57.900001525878906
2024-12-28T16:58:16.576972783Z,57.79999923706055
2024-12-28T16:58:18.636031383Z,57.900001525878906
2024-12-28T17:00:02.289860631Z,58
2024-12-28T17:00:04.345592147Z,57.900001525878906
2024-12-28T17:00:10.630847035Z,58
2024-12-28T17:05:40.741480338Z,58.099998474121094
2024-12-28T17:05:44.915844354Z,58
2024-12-28T17:05:46.97204971Z,58.099998474121094
2024-12-28T17:08:59.406158975Z,58
2024-12-28T17:09:26.846883809Z,57.900001525878906
2024-12-28T17:09:28.903507208Z,57.79999923706055
2024-12-28T17:09:41.543497277Z,57.70000076293945
2024-12-28T17:09:51.961214956Z,57.599998474121094
2024-12-28T17:09:54.020577258Z,57.5
2024-12-28T17:10:15.128413092Z,57.400001525878906
2024-12-28T17:10:42.461923107Z,57.29999923706055
2024-12-28T17:11:07.813913637Z,57.20000076293945
2024-12-28T17:11:37.265922354Z,57.099998474121094
2024-12-28T17:12:00.492536752Z,57
2024-12-28T17:13:12.39894238Z,56.900001525878906
2024-12-28T17:14:51.651189513Z,56.79999923706055
2024-12-28T17:16:28.949382442Z,56.70000076293945
2024-12-28T17:16:31.00818564Z,56.79999923706055
2024-12-28T17:16:33.070251651Z,56.70000076293945
2024-12-28T17:16:39.355774297Z,56.79999923706055
2024-12-28T17:16:54.072822269Z,56.70000076293945
2024-12-28T17:17:19.416725509Z,56.599998474121094
2024-12-28T17:17:27.80221498Z,56.70000076293945
2024-12-28T17:17:48.908201106Z,56.79999923706055
2024-12-28T17:18:05.772546119Z,56.900001525878906
2024-12-28T17:18:26.881441464Z,57
2024-12-28T17:18:28.936718613Z,56.900001525878906
2024-12-28T17:18:30.99295972Z,57
2024-12-28T17:18:49.984550396Z,57.099998474121094
2024-12-28T17:18:58.388280086Z,57
2024-12-28T17:19:08.912570989Z,56.900001525878906
2024-12-28T17:19:21.553554862Z,57
2024-12-28T17:19:40.536757748Z,57.099998474121094
2024-12-28T17:19:44.704396745Z,57.20000076293945
2024-12-28T17:19:55.125331466Z,57.29999923706055
2024-12-28T17:19:59.296815777Z,57.20000076293945
2024-12-28T17:20:39.445361625Z,57.099998474121094
2024-12-28T17:20:47.845404633Z,57.20000076293945
2024-12-28T17:20:54.148079194Z,57.29999923706055
2024-12-28T17:21:02.560894233Z,57.400001525878906
2024-12-28T17:21:08.845297438Z,57.5
2024-12-28T17:21:23.606405348Z,57.599998474121094
2024-12-28T17:21:25.665811301Z,57.70000076293945
2024-12-28T17:21:46.763211077Z,57.599998474121094
2024-12-28T17:21:50.947729206Z,57.5
2024-12-28T17:22:01.46402281Z,57.599998474121094
2024-12-28T17:22:05.65279605Z,57.70000076293945
2024-12-28T17:22:26.748356615Z,57.79999923706055
2024-12-28T17:22:58.432024897Z,57.900001525878906
2024-12-28T17:23:17.419332649Z,58
2024-12-28T17:23:46.993072415Z,58.099998474121094
2024-12-28T17:23:51.172758694Z,58.20000076293945
2024-12-28T17:23:57.45561354Z,58.29999923706055
2024-12-28T17:24:05.859675766Z,58.400001525878906
2024-12-28T17:24:20.620735372Z,58.29999923706055
2024-12-28T17:24:22.680370071Z,58.400001525878906
2024-12-28T17:24:24.736179309Z,58.29999923706055
2024-12-28T17:24:28.910861128Z,58.400001525878906
2024-12-28T17:24:33.088116605Z,58.29999923706055
2024-12-28T17:24:47.860182454Z,58.400001525878906
2024-12-28T17:25:02.69685852Z,58.5
2024-12-28T17:25:32.168920105Z,58.599998474121094
2024-12-28T17:25:44.816479805Z,58.70000076293945
2024-12-28T17:26:03.698849848Z,58.79999923706055
2024-12-28T17:26:18.452252628Z,59
2024-12-28T17:26:54.374396393Z,59.099998474121094
2024-12-28T17:27:13.357325896Z,59
2024-12-28T17:27:15.412741587Z,59.099998474121094
2024-12-28T17:27:57.697574216Z,59
2024-12-28T17:28:33.612035477Z,58.79999923706055
2024-12-28T17:28:46.258769616Z,58.70000076293945
2024-12-28T17:28:52.554603721Z,58.79999923706055
2024-12-28T17:29:13.662569342Z,58.70000076293945
2024-12-28T17:29:43.242171014Z,58.79999923706055
2024-12-28T17:30:14.881348997Z,59
2024-12-28T17:31:28.907703549Z,58.79999923706055
2024-12-28T17:31:39.428122913Z,58.70000076293945
2024-12-28T17:32:04.657854666Z,58.79999923706055
2024-12-28T17:32:46.909554553Z,58.70000076293945
2024-12-28T17:32:55.324599125Z,58.599998474121094
2024-12-28T17:33:16.13304056Z,58.5
2024-12-28T17:33:28.681485373Z,58.400001525878906
2024-12-28T17:33:34.974507007Z,58.29999923706055
2024-12-28T17:33:45.331305162Z,58.20000076293945
2024-12-28T17:34:06.322904979Z,58.29999923706055
2024-12-28T17:34:18.953787173Z,58.20000076293945
2024-12-28T17:34:44.282103011Z,58.29999923706055
2024-12-28T17:35:11.740054914Z,58.400001525878906
2024-12-28T17:35:28.511560915Z,58.5
2024-12-28T17:35:43.273943767Z,58.599998474121094
2024-12-28T17:36:06.501952472Z,58.70000076293945
2024-12-28T17:36:21.259437255Z,58.79999923706055
2024-12-28T17:38:08.998340573Z,58.900001525878906
2024-12-28T17:38:11.058884161Z,58.79999923706055
2024-12-28T17:38:15.226773197Z,58.900001525878906
2024-12-28T17:38:40.574296874Z,59
2024-12-28T17:38:42.627340557Z,58.900001525878906
2024-12-28T17:38:44.684968163Z,59
2024-12-28T17:38:53.089774468Z,59.20000076293945
2024-12-28T17:41:33.832172686Z,59.29999923706055
2024-12-28T17:42:05.517126271Z,59.400001525878906
2024-12-28T17:42:07.576442595Z,59.29999923706055
2024-12-28T17:42:22.327577862Z,59.400001525878906
2024-12-28T17:42:28.628628772Z,59.5
2024-12-28T17:43:57.469147192Z,59.599998474121094
2024-12-28T17:44:01.645209156Z,59.5
2024-12-28T17:44:03.703608129Z,59.599998474121094
2024-12-28T17:45:45.215763302Z,59.5
2024-12-28T17:45:55.735041081Z,59.400001525878906
2024-12-28T17:48:13.24352707Z,59.5
2024-12-28T17:48:15.307970392Z,59.400001525878906
2024-12-28T17:49:56.704480891Z,59.5
2024-12-28T17:50:00.884359969Z,59.400001525878906
2024-12-28T17:50:07.186268716Z,59.5
2024-12-28T17:50:09.241023414Z,59.400001525878906
2024-12-28T17:50:13.423329525Z,59.5
2024-12-28T17:51:04.15186125Z,59.400001525878906
2024-12-28T17:51:10.444400357Z,59.5
2024-12-28T17:51:12.505087428Z,59.400001525878906
2024-12-28T17:51:48.439522439Z,59.5
2024-12-28T17:51:50.503822697Z,59.599998474121094
2024-12-28T17:52:01.04029482Z,59.5
2024-12-28T17:52:26.37561614Z,59.400001525878906
2024-12-28T17:52:51.730946258Z,59.29999923706055
2024-12-28T17:53:38.092404753Z,59.20000076293945
2024-12-28T17:54:50.02958711Z,59.29999923706055
2024-12-28T17:54:58.447842187Z,59.20000076293945
2024-12-28T17:55:00.516460991Z,59.29999923706055
2024-12-28T17:55:19.495416442Z,59.400001525878906
2024-12-28T17:55:49.068602552Z,59.5
2024-12-28T17:55:55.372862789Z,59.400001525878906
2024-12-28T17:55:57.426408659Z,59.5
2024-12-28T17:56:05.847540764Z,59.400001525878906
2024-12-28T17:56:07.910416331Z,59.5
2024-12-28T17:56:09.971402387Z,59.400001525878906
2024-12-28T17:56:12.032328573Z,59.5
2024-12-28T17:56:16.202396496Z,59.400001525878906
2024-12-28T17:56:18.260034Z,59.5
2024-12-28T17:56:20.316527832Z,59.400001525878906
2024-12-28T17:56:58.228898043Z,59.29999923706055
2024-12-28T17:58:58.526787608Z,59.400001525878906
2024-12-28T17:59:04.82989107Z,59.5
2024-12-28T17:59:19.574137631Z,59.599998474121094
2024-12-28T17:59:40.684655925Z,59.70000076293945
2024-12-28T18:00:16.604884018Z,59.79999923706055
2024-12-28T18:01:11.302637753Z,59.70000076293945
2024-12-28T18:01:30.102676405Z,59.599998474121094
2024-12-28T18:01:49.106552046Z,59.5
2024-12-28T18:01:59.619211746Z,59.400001525878906
2024-12-28T18:02:14.377567061Z,59.29999923706055
2024-12-28T18:02:43.955229216Z,59.20000076293945
2024-12-28T18:03:11.415444294Z,59.099998474121094
2024-12-28T18:04:12.723182453Z,58.900001525878906
2024-12-28T18:05:18.114399996Z,59.099998474121094
2024-12-28T18:06:21.470464921Z,58.900001525878906
2024-12-28T18:07:09.971314106Z,59.099998474121094
2024-12-28T18:08:55.505351839Z,58.900001525878906
2024-12-28T18:10:00.778626742Z,59.099998474121094
2024-12-28T18:10:23.998390222Z,59.20000076293945
2024-12-28T18:11:54.964499933Z,59.29999923706055
2024-12-28T18:12:09.710817762Z,59.20000076293945
2024-12-28T18:12:11.761329137Z,59.29999923706055
2024-12-28T18:12:13.822656808Z,59.20000076293945
2024-12-28T18:12:15.880231203Z,59.29999923706055
2024-12-28T18:12:17.938297788Z,59.20000076293945
2024-12-28T18:12:26.28726505Z,59.29999923706055
2024-12-28T18:12:32.577256587Z,59.20000076293945
2024-12-28T18:12:47.339337059Z,59.29999923706055
2024-12-28T18:13:54.983180213Z,59.20000076293945
2024-12-28T18:14:03.401755681Z,59.099998474121094
2024-12-28T18:15:23.562375452Z,58.900001525878906
2024-12-28T18:15:42.549054608Z,58.79999923706055
2024-12-28T18:15:53.07780808Z,58.900001525878906
2024-12-28T18:16:01.478864624Z,58.79999923706055
2024-12-28T18:16:18.345418026Z,58.70000076293945
2024-12-28T18:16:22.5166154Z,58.599998474121094
2024-12-28T18:16:43.522210324Z,58.5
2024-12-28T18:17:17.319233364Z,58.400001525878906
2024-12-28T18:17:19.383858088Z,58.5
2024-12-28T18:17:23.554085523Z,58.400001525878906
2024-12-28T18:17:29.842727616Z,58.5
2024-12-28T18:17:31.901284938Z,58.400001525878906
2024-12-28T18:17:59.236117352Z,58.29999923706055
2024-12-28T18:18:33.026386125Z,58.20000076293945
2024-12-28T18:18:45.672786338Z,58.099998474121094
2024-12-28T18:19:30.0434346Z,58
2024-12-28T18:20:05.826203499Z,57.900001525878906
2024-12-28T18:20:10.010813087Z,58
2024-12-28T18:20:12.065951571Z,57.900001525878906
2024-12-28T18:20:41.637945905Z,57.79999923706055
2024-12-28T18:20:45.81759782Z,57.900001525878906
2024-12-28T18:20:47.870478997Z,57.79999923706055
2024-12-28T18:21:06.843909195Z,57.70000076293945
2024-12-28T18:21:27.943122407Z,57.79999923706055
2024-12-28T18:22:01.729668009Z,57.900001525878906
2024-12-28T18:22:08.033033787Z,58
2024-12-28T18:22:29.13015422Z,58.099998474121094
2024-12-28T18:22:58.687281062Z,58.20000076293945
2024-12-28T18:23:00.743557684Z,58.29999923706055
2024-12-28T18:23:11.162582053Z,58.20000076293945
2024-12-28T18:23:13.214164295Z,58.29999923706055
2024-12-28T18:24:12.353486343Z,58.400001525878906
2024-12-28T18:24:37.699711713Z,58.5
2024-12-28T18:25:24.091491393Z,58.599998474121094
2024-12-28T18:27:05.608851603Z,58.70000076293945
2024-12-28T18:29:18.873118052Z,58.79999923706055
2024-12-28T18:31:42.462144512Z,58.900001525878906
2024-12-28T18:32:01.440418422Z,59
2024-12-28T18:33:11.198699594Z,59.20000076293945
2024-12-28T18:35:49.834701874Z,59
2024-12-28T18:35:58.248177386Z,58.900001525878906
2024-12-28T18:36:00.307772803Z,59
2024-12-28T18:36:04.486969215Z,58.900001525878906
2024-12-28T18:36:08.652315931Z,59
2024-12-28T18:36:10.713307242Z,58.900001525878906
2024-12-28T18:36:55.10071121Z,58.79999923706055
2024-12-28T18:38:53.433242651Z,58.70000076293945
2024-12-28T18:38:55.489472548Z,58.79999923706055
2024-12-28T18:38:57.546734911Z,58.70000076293945
2024-12-28T18:39:22.887653235Z,58.599998474121094
2024-12-28T18:39:24.937256157Z,58.70000076293945
2024-12-28T18:39:29.112717648Z,58.599998474121094
